Gavin Abercrombie,g.abercrombie@hw.ac.uk,gavin-abercrombie
Yoann Altmann,y.altmann@hw.ac.uk,yoann-altmann
Matthew Aylett,m.aylett@hw.ac.uk,matthew-aylett
Phil J. Bartie,phil.bartie@hw.ac.uk,phil-bartie
Keith Brown,k.e.brown@hw.ac.uk,keith-brown
Mike Chantler,m.j.chantler@hw.ac.uk,michael-chantler
Ignacio Carlucho,ignacio.carlucho@hw.ac.uk,ignacio-carlucho
David Corne,d.w.corne@hw.ac.uk,david-corne
Michael Crichton,m.crichton@hw.ac.uk,michael-crichton
Louise Delicato,l.delicato@hw.ac.uk,louise-delicato
Christian Dondrup,c.dondrup@hw.ac.uk,christian-dondrup
Mauro Dragone,m.dragone@hw.ac.uk,mauro-dragone
Mustafa Suphi Erden,m.s.erden@hw.ac.uk,mustafa-suphi-erden
Theodoros Georgiou,t.georgiou@hw.ac.uk,theo-georgiou
Abderrahim Halimi,a.halimi@hw.ac.uk,abderrahim-halimi
Tasleem Khan,m.t.khan@hw.ac.uk,mohd-tasleem-khan
Xianwen Kong,x.kong@hw.ac.uk,xianwen-kong
Ioannis Konstas,i.konstas@hw.ac.uk,yannis-konstas
Ekaterina Komendantskaya,e.komendantskaya@hw.ac.uk,ekaterina-komendantskaya
Maria Koskinopoulou,m.koskinopoulou@hw.ac.uk,maria-koskinopoulou
Pierre Le Bras,pierre.le_bras@hw.ac.uk,pierre-le-bras-2
Oliver Lemon,o.lemon@hw.ac.uk,oliver-lemon
Theo Lim,t.lim@hw.ac.uk,theodore-lim
Valentina Lo Gatto,v.lo_gatto@hw.ac.uk,valentina-lo-gatto
Michael Lones,m.lones@hw.ac.uk,michael-lones
Alistair McConnell,alistair.mcconnell@hw.ac.uk,alistair-mcconnell
Carlos Mastalli,c.mastalli@hw.ac.uk,carlos-mastalli
Joao Mota,j.mota@hw.ac.uk,jo%C3%A3o-f-c-mota
Muhammad Najib,m.najib@hw.ac.uk,muhammad-najib
Wei Pang,w.pang@hw.ac.uk,wei-pang
Yvan Petillot,y.r.petillot@hw.ac.uk,yvan-petillot
Ron Petrick,r.petrick@hw.ac.uk,ron-petrick
Thusha Rajendran,t.rajendran@hw.ac.uk,gnanathusharan-rajendran
Marta Romeo,m.romeo@hw.ac.uk,marta-romeo
Rob Stewart,r.stewart@hw.ac.uk,rob-stewart
Marta Vallejo,m.vallejo@hw.ac.uk,marta-vallejo
Patricia A. Vargas,p.a.vargas@hw.ac.uk,patricia-amancio-vargas
Changhai Wang,c.wang@hw.ac.uk,changhai-wang
Cheng Wang,cheng.wang@hw.ac.uk,cheng-wang
Yves Wiaux,y.wiaux@hw.ac.uk,yves-wiaux
